[{"model": "shopapp.category", "pk": 1, "fields": {"title": "category1", "image": "my_img.jpg", "subcategories": [74]}}, {"model": "shopapp.category", "pk": 2, "fields": {"title": "category2", "image": "my_img.jpg", "subcategories": [51, 58]}}, {"model": "shopapp.category", "pk": 3, "fields": {"title": "category3", "image": "my_img.jpg", "subcategories": [23, 71]}}, {"model": "shopapp.category", "pk": 4, "fields": {"title": "category4", "image": "my_img.jpg", "subcategories": [45]}}, {"model": "shopapp.category", "pk": 5, "fields": {"title": "category5", "image": "my_img.jpg", "subcategories": [77, 91]}}, {"model": "shopapp.category", "pk": 6, "fields": {"title": "category6", "image": "my_img.jpg", "subcategories": [51]}}, {"model": "shopapp.category", "pk": 7, "fields": {"title": "category7", "image": "my_img.jpg", "subcategories": [35]}}, {"model": "shopapp.category", "pk": 8, "fields": {"title": "category8", "image": "my_img.jpg", "subcategories": [33, 99]}}, {"model": "shopapp.category", "pk": 9, "fields": {"title": "category9", "image": "my_img.jpg", "subcategories": [80]}}, {"model": "shopapp.category", "pk": 10, "fields": {"title": "category10", "image": "my_img.jpg", "subcategories": [43, 95]}}, {"model": "shopapp.category", "pk": 11, "fields": {"title": "category11", "image": "my_img.jpg", "subcategories": [62, 87]}}, {"model": "shopapp.category", "pk": 12, "fields": {"title": "category12", "image": "my_img.jpg", "subcategories": [31]}}, {"model": "shopapp.category", "pk": 13, "fields": {"title": "category13", "image": "my_img.jpg", "subcategories": [28, 37]}}, {"model": "shopapp.category", "pk": 14, "fields": {"title": "category14", "image": "my_img.jpg", "subcategories": [18, 68]}}, {"model": "shopapp.category", "pk": 15, "fields": {"title": "category15", "image": "my_img.jpg", "subcategories": [31]}}, {"model": "shopapp.category", "pk": 16, "fields": {"title": "category16", "image": "my_img.jpg", "subcategories": [30]}}, {"model": "shopapp.category", "pk": 17, "fields": {"title": "category17", "image": "my_img.jpg", "subcategories": [80]}}, {"model": "shopapp.category", "pk": 18, "fields": {"title": "category18", "image": "my_img.jpg", "subcategories": [14]}}, {"model": "shopapp.category", "pk": 19, "fields": {"title": "category19", "image": "my_img.jpg", "subcategories": [21, 26]}}, {"model": "shopapp.category", "pk": 20, "fields": {"title": "category20", "image": "my_img.jpg", "subcategories": [46, 74]}}, {"model": "shopapp.category", "pk": 21, "fields": {"title": "category21", "image": "my_img.jpg", "subcategories": [19, 89, 97]}}, {"model": "shopapp.category", "pk": 22, "fields": {"title": "category22", "image": "my_img.jpg", "subcategories": [68, 88]}}, {"model": "shopapp.category", "pk": 23, "fields": {"title": "category23", "image": "my_img.jpg", "subcategories": [3]}}, {"model": "shopapp.category", "pk": 24, "fields": {"title": "category24", "image": "my_img.jpg", "subcategories": [52]}}, {"model": "shopapp.category", "pk": 25, "fields": {"title": "category25", "image": "my_img.jpg", "subcategories": [73, 78, 97]}}, {"model": "shopapp.category", "pk": 26, "fields": {"title": "category26", "image": "my_img.jpg", "subcategories": [19]}}, {"model": "shopapp.category", "pk": 27, "fields": {"title": "category27", "image": "my_img.jpg", "subcategories": [77, 93]}}, {"model": "shopapp.category", "pk": 28, "fields": {"title": "category28", "image": "my_img.jpg", "subcategories": [13]}}, {"model": "shopapp.category", "pk": 29, "fields": {"title": "category29", "image": "my_img.jpg", "subcategories": [45]}}, {"model": "shopapp.category", "pk": 30, "fields": {"title": "category30", "image": "my_img.jpg", "subcategories": [16, 45, 46, 50, 60]}}, {"model": "shopapp.category", "pk": 31, "fields": {"title": "category31", "image": "my_img.jpg", "subcategories": [12, 15, 88]}}, {"model": "shopapp.category", "pk": 32, "fields": {"title": "category32", "image": "my_img.jpg", "subcategories": [46, 70]}}, {"model": "shopapp.category", "pk": 33, "fields": {"title": "category33", "image": "my_img.jpg", "subcategories": [8]}}, {"model": "shopapp.category", "pk": 34, "fields": {"title": "category34", "image": "my_img.jpg", "subcategories": [66, 90]}}, {"model": "shopapp.category", "pk": 35, "fields": {"title": "category35", "image": "my_img.jpg", "subcategories": [7, 58, 63]}}, {"model": "shopapp.category", "pk": 36, "fields": {"title": "category36", "image": "my_img.jpg", "subcategories": [98]}}, {"model": "shopapp.category", "pk": 37, "fields": {"title": "category37", "image": "my_img.jpg", "subcategories": [13, 51]}}, {"model": "shopapp.category", "pk": 38, "fields": {"title": "category38", "image": "my_img.jpg", "subcategories": [47, 79]}}, {"model": "shopapp.category", "pk": 39, "fields": {"title": "category39", "image": "my_img.jpg", "subcategories": [55, 71]}}, {"model": "shopapp.category", "pk": 40, "fields": {"title": "category40", "image": "my_img.jpg", "subcategories": [53]}}, {"model": "shopapp.category", "pk": 41, "fields": {"title": "category41", "image": "my_img.jpg", "subcategories": [54, 61, 74]}}, {"model": "shopapp.category", "pk": 42, "fields": {"title": "category42", "image": "my_img.jpg", "subcategories": [64, 66]}}, {"model": "shopapp.category", "pk": 43, "fields": {"title": "category43", "image": "my_img.jpg", "subcategories": [10, 53]}}, {"model": "shopapp.category", "pk": 44, "fields": {"title": "category44", "image": "my_img.jpg", "subcategories": [56]}}, {"model": "shopapp.category", "pk": 45, "fields": {"title": "category45", "image": "my_img.jpg", "subcategories": [4, 29, 30]}}, {"model": "shopapp.category", "pk": 46, "fields": {"title": "category46", "image": "my_img.jpg", "subcategories": [20, 30, 32, 57]}}, {"model": "shopapp.category", "pk": 47, "fields": {"title": "category47", "image": "my_img.jpg", "subcategories": [38, 56]}}, {"model": "shopapp.category", "pk": 48, "fields": {"title": "category48", "image": "my_img.jpg", "subcategories": [85]}}, {"model": "shopapp.category", "pk": 49, "fields": {"title": "category49", "image": "my_img.jpg", "subcategories": [72, 98]}}, {"model": "shopapp.category", "pk": 50, "fields": {"title": "category50", "image": "my_img.jpg", "subcategories": [30]}}, {"model": "shopapp.category", "pk": 51, "fields": {"title": "category51", "image": "my_img.jpg", "subcategories": [2, 6, 37, 89, 94]}}, {"model": "shopapp.category", "pk": 52, "fields": {"title": "category52", "image": "my_img.jpg", "subcategories": [24, 74, 77]}}, {"model": "shopapp.category", "pk": 53, "fields": {"title": "category53", "image": "my_img.jpg", "subcategories": [40, 43]}}, {"model": "shopapp.category", "pk": 54, "fields": {"title": "category54", "image": "my_img.jpg", "subcategories": [41]}}, {"model": "shopapp.category", "pk": 55, "fields": {"title": "category55", "image": "my_img.jpg", "subcategories": [39]}}, {"model": "shopapp.category", "pk": 56, "fields": {"title": "category56", "image": "my_img.jpg", "subcategories": [44, 47, 57, 70, 71, 99]}}, {"model": "shopapp.category", "pk": 57, "fields": {"title": "category57", "image": "my_img.jpg", "subcategories": [46, 56, 81]}}, {"model": "shopapp.category", "pk": 58, "fields": {"title": "category58", "image": "my_img.jpg", "subcategories": [2, 35, 69]}}, {"model": "shopapp.category", "pk": 59, "fields": {"title": "category59", "image": "my_img.jpg", "subcategories": [79]}}, {"model": "shopapp.category", "pk": 60, "fields": {"title": "category60", "image": "my_img.jpg", "subcategories": [30, 69]}}, {"model": "shopapp.category", "pk": 61, "fields": {"title": "category61", "image": "my_img.jpg", "subcategories": [41, 92]}}, {"model": "shopapp.category", "pk": 62, "fields": {"title": "category62", "image": "my_img.jpg", "subcategories": [11, 72]}}, {"model": "shopapp.category", "pk": 63, "fields": {"title": "category63", "image": "my_img.jpg", "subcategories": [35]}}, {"model": "shopapp.category", "pk": 64, "fields": {"title": "category64", "image": "my_img.jpg", "subcategories": [42]}}, {"model": "shopapp.category", "pk": 65, "fields": {"title": "category65", "image": "my_img.jpg", "subcategories": [81]}}, {"model": "shopapp.category", "pk": 66, "fields": {"title": "category66", "image": "my_img.jpg", "subcategories": [34, 42]}}, {"model": "shopapp.category", "pk": 67, "fields": {"title": "category67", "image": "my_img.jpg", "subcategories": [72]}}, {"model": "shopapp.category", "pk": 68, "fields": {"title": "category68", "image": "my_img.jpg", "subcategories": [14, 22]}}, {"model": "shopapp.category", "pk": 69, "fields": {"title": "category69", "image": "my_img.jpg", "subcategories": [58, 60]}}, {"model": "shopapp.category", "pk": 70, "fields": {"title": "category70", "image": "my_img.jpg", "subcategories": [32, 56, 88]}}, {"model": "shopapp.category", "pk": 71, "fields": {"title": "category71", "image": "my_img.jpg", "subcategories": [3, 39, 56]}}, {"model": "shopapp.category", "pk": 72, "fields": {"title": "category72", "image": "my_img.jpg", "subcategories": [49, 62, 67]}}, {"model": "shopapp.category", "pk": 73, "fields": {"title": "category73", "image": "my_img.jpg", "subcategories": [25]}}, {"model": "shopapp.category", "pk": 74, "fields": {"title": "category74", "image": "my_img.jpg", "subcategories": [1, 20, 41, 52, 82, 95]}}, {"model": "shopapp.category", "pk": 75, "fields": {"title": "category75", "image": "my_img.jpg", "subcategories": [95]}}, {"model": "shopapp.category", "pk": 76, "fields": {"title": "category76", "image": "my_img.jpg", "subcategories": [78, 86]}}, {"model": "shopapp.category", "pk": 77, "fields": {"title": "category77", "image": "my_img.jpg", "subcategories": [5, 27, 52]}}, {"model": "shopapp.category", "pk": 78, "fields": {"title": "category78", "image": "my_img.jpg", "subcategories": [25, 76]}}, {"model": "shopapp.category", "pk": 79, "fields": {"title": "category79", "image": "my_img.jpg", "subcategories": [38, 59]}}, {"model": "shopapp.category", "pk": 80, "fields": {"title": "category80", "image": "my_img.jpg", "subcategories": [9, 17, 88]}}, {"model": "shopapp.category", "pk": 81, "fields": {"title": "category81", "image": "my_img.jpg", "subcategories": [57, 65]}}, {"model": "shopapp.category", "pk": 82, "fields": {"title": "category82", "image": "my_img.jpg", "subcategories": [74, 98]}}, {"model": "shopapp.category", "pk": 83, "fields": {"title": "category83", "image": "my_img.jpg", "subcategories": [98]}}, {"model": "shopapp.category", "pk": 84, "fields": {"title": "category84", "image": "my_img.jpg", "subcategories": [93]}}, {"model": "shopapp.category", "pk": 85, "fields": {"title": "category85", "image": "my_img.jpg", "subcategories": [48, 93]}}, {"model": "shopapp.category", "pk": 86, "fields": {"title": "category86", "image": "my_img.jpg", "subcategories": [76]}}, {"model": "shopapp.category", "pk": 87, "fields": {"title": "category87", "image": "my_img.jpg", "subcategories": [11, 96]}}, {"model": "shopapp.category", "pk": 88, "fields": {"title": "category88", "image": "my_img.jpg", "subcategories": [22, 31, 70, 80]}}, {"model": "shopapp.category", "pk": 89, "fields": {"title": "category89", "image": "my_img.jpg", "subcategories": [21, 51]}}, {"model": "shopapp.category", "pk": 90, "fields": {"title": "category90", "image": "my_img.jpg", "subcategories": [34, 93]}}, {"model": "shopapp.category", "pk": 91, "fields": {"title": "category91", "image": "my_img.jpg", "subcategories": [5]}}, {"model": "shopapp.category", "pk": 92, "fields": {"title": "category92", "image": "my_img.jpg", "subcategories": [61]}}, {"model": "shopapp.category", "pk": 93, "fields": {"title": "category93", "image": "my_img.jpg", "subcategories": [27, 84, 85, 90]}}, {"model": "shopapp.category", "pk": 94, "fields": {"title": "category94", "image": "my_img.jpg", "subcategories": [51]}}, {"model": "shopapp.category", "pk": 95, "fields": {"title": "category95", "image": "my_img.jpg", "subcategories": [10, 74, 75]}}, {"model": "shopapp.category", "pk": 96, "fields": {"title": "category96", "image": "my_img.jpg", "subcategories": [87]}}, {"model": "shopapp.category", "pk": 97, "fields": {"title": "category97", "image": "my_img.jpg", "subcategories": [21, 25]}}, {"model": "shopapp.category", "pk": 98, "fields": {"title": "category98", "image": "my_img.jpg", "subcategories": [36, 49, 82, 83]}}, {"model": "shopapp.category", "pk": 99, "fields": {"title": "category99", "image": "my_img.jpg", "subcategories": [8, 56]}}, {"model": "shopapp.tag", "pk": 1, "fields": {"category": 1, "name": "tag1"}}, {"model": "shopapp.tag", "pk": 2, "fields": {"category": 2, "name": "tag2"}}, {"model": "shopapp.tag", "pk": 3, "fields": {"category": 3, "name": "tag3"}}, {"model": "shopapp.tag", "pk": 4, "fields": {"category": 4, "name": "tag4"}}, {"model": "shopapp.tag", "pk": 5, "fields": {"category": 5, "name": "tag5"}}, {"model": "shopapp.tag", "pk": 6, "fields": {"category": 6, "name": "tag6"}}, {"model": "shopapp.tag", "pk": 7, "fields": {"category": 7, "name": "tag7"}}, {"model": "shopapp.tag", "pk": 8, "fields": {"category": 8, "name": "tag8"}}, {"model": "shopapp.tag", "pk": 9, "fields": {"category": 9, "name": "tag9"}}, {"model": "shopapp.tag", "pk": 10, "fields": {"category": 10, "name": "tag10"}}, {"model": "shopapp.tag", "pk": 11, "fields": {"category": 11, "name": "tag11"}}, {"model": "shopapp.tag", "pk": 12, "fields": {"category": 12, "name": "tag12"}}, {"model": "shopapp.tag", "pk": 13, "fields": {"category": 13, "name": "tag13"}}, {"model": "shopapp.tag", "pk": 14, "fields": {"category": 14, "name": "tag14"}}, {"model": "shopapp.tag", "pk": 15, "fields": {"category": 15, "name": "tag15"}}, {"model": "shopapp.tag", "pk": 16, "fields": {"category": 16, "name": "tag16"}}, {"model": "shopapp.tag", "pk": 17, "fields": {"category": 17, "name": "tag17"}}, {"model": "shopapp.tag", "pk": 18, "fields": {"category": 18, "name": "tag18"}}, {"model": "shopapp.tag", "pk": 19, "fields": {"category": 19, "name": "tag19"}}, {"model": "shopapp.tag", "pk": 20, "fields": {"category": 20, "name": "tag20"}}, {"model": "shopapp.tag", "pk": 21, "fields": {"category": 21, "name": "tag21"}}, {"model": "shopapp.tag", "pk": 22, "fields": {"category": 22, "name": "tag22"}}, {"model": "shopapp.tag", "pk": 23, "fields": {"category": 23, "name": "tag23"}}, {"model": "shopapp.tag", "pk": 24, "fields": {"category": 24, "name": "tag24"}}, {"model": "shopapp.tag", "pk": 25, "fields": {"category": 25, "name": "tag25"}}, {"model": "shopapp.tag", "pk": 26, "fields": {"category": 26, "name": "tag26"}}, {"model": "shopapp.tag", "pk": 27, "fields": {"category": 27, "name": "tag27"}}, {"model": "shopapp.tag", "pk": 28, "fields": {"category": 28, "name": "tag28"}}, {"model": "shopapp.tag", "pk": 29, "fields": {"category": 29, "name": "tag29"}}, {"model": "shopapp.tag", "pk": 30, "fields": {"category": 30, "name": "tag30"}}, {"model": "shopapp.tag", "pk": 31, "fields": {"category": 31, "name": "tag31"}}, {"model": "shopapp.tag", "pk": 32, "fields": {"category": 32, "name": "tag32"}}, {"model": "shopapp.tag", "pk": 33, "fields": {"category": 33, "name": "tag33"}}, {"model": "shopapp.tag", "pk": 34, "fields": {"category": 34, "name": "tag34"}}, {"model": "shopapp.tag", "pk": 35, "fields": {"category": 35, "name": "tag35"}}, {"model": "shopapp.tag", "pk": 36, "fields": {"category": 36, "name": "tag36"}}, {"model": "shopapp.tag", "pk": 37, "fields": {"category": 37, "name": "tag37"}}, {"model": "shopapp.tag", "pk": 38, "fields": {"category": 38, "name": "tag38"}}, {"model": "shopapp.tag", "pk": 39, "fields": {"category": 39, "name": "tag39"}}, {"model": "shopapp.tag", "pk": 40, "fields": {"category": 40, "name": "tag40"}}, {"model": "shopapp.tag", "pk": 41, "fields": {"category": 41, "name": "tag41"}}, {"model": "shopapp.tag", "pk": 42, "fields": {"category": 42, "name": "tag42"}}, {"model": "shopapp.tag", "pk": 43, "fields": {"category": 43, "name": "tag43"}}, {"model": "shopapp.tag", "pk": 44, "fields": {"category": 44, "name": "tag44"}}, {"model": "shopapp.tag", "pk": 45, "fields": {"category": 45, "name": "tag45"}}, {"model": "shopapp.tag", "pk": 46, "fields": {"category": 46, "name": "tag46"}}, {"model": "shopapp.tag", "pk": 47, "fields": {"category": 47, "name": "tag47"}}, {"model": "shopapp.tag", "pk": 48, "fields": {"category": 48, "name": "tag48"}}, {"model": "shopapp.tag", "pk": 49, "fields": {"category": 49, "name": "tag49"}}, {"model": "shopapp.tag", "pk": 50, "fields": {"category": 50, "name": "tag50"}}, {"model": "shopapp.tag", "pk": 51, "fields": {"category": 51, "name": "tag51"}}, {"model": "shopapp.tag", "pk": 52, "fields": {"category": 52, "name": "tag52"}}, {"model": "shopapp.tag", "pk": 53, "fields": {"category": 53, "name": "tag53"}}, {"model": "shopapp.tag", "pk": 54, "fields": {"category": 54, "name": "tag54"}}, {"model": "shopapp.tag", "pk": 55, "fields": {"category": 55, "name": "tag55"}}, {"model": "shopapp.tag", "pk": 56, "fields": {"category": 56, "name": "tag56"}}, {"model": "shopapp.tag", "pk": 57, "fields": {"category": 57, "name": "tag57"}}, {"model": "shopapp.tag", "pk": 58, "fields": {"category": 58, "name": "tag58"}}, {"model": "shopapp.tag", "pk": 59, "fields": {"category": 59, "name": "tag59"}}, {"model": "shopapp.tag", "pk": 60, "fields": {"category": 60, "name": "tag60"}}, {"model": "shopapp.tag", "pk": 61, "fields": {"category": 61, "name": "tag61"}}, {"model": "shopapp.tag", "pk": 62, "fields": {"category": 62, "name": "tag62"}}, {"model": "shopapp.tag", "pk": 63, "fields": {"category": 63, "name": "tag63"}}, {"model": "shopapp.tag", "pk": 64, "fields": {"category": 64, "name": "tag64"}}, {"model": "shopapp.tag", "pk": 65, "fields": {"category": 65, "name": "tag65"}}, {"model": "shopapp.tag", "pk": 66, "fields": {"category": 66, "name": "tag66"}}, {"model": "shopapp.tag", "pk": 67, "fields": {"category": 67, "name": "tag67"}}, {"model": "shopapp.tag", "pk": 68, "fields": {"category": 68, "name": "tag68"}}, {"model": "shopapp.tag", "pk": 69, "fields": {"category": 69, "name": "tag69"}}, {"model": "shopapp.tag", "pk": 70, "fields": {"category": 70, "name": "tag70"}}, {"model": "shopapp.tag", "pk": 71, "fields": {"category": 71, "name": "tag71"}}, {"model": "shopapp.tag", "pk": 72, "fields": {"category": 72, "name": "tag72"}}, {"model": "shopapp.tag", "pk": 73, "fields": {"category": 73, "name": "tag73"}}, {"model": "shopapp.tag", "pk": 74, "fields": {"category": 74, "name": "tag74"}}, {"model": "shopapp.tag", "pk": 75, "fields": {"category": 75, "name": "tag75"}}, {"model": "shopapp.tag", "pk": 76, "fields": {"category": 76, "name": "tag76"}}, {"model": "shopapp.tag", "pk": 77, "fields": {"category": 77, "name": "tag77"}}, {"model": "shopapp.tag", "pk": 78, "fields": {"category": 78, "name": "tag78"}}, {"model": "shopapp.tag", "pk": 79, "fields": {"category": 79, "name": "tag79"}}, {"model": "shopapp.tag", "pk": 80, "fields": {"category": 80, "name": "tag80"}}, {"model": "shopapp.tag", "pk": 81, "fields": {"category": 81, "name": "tag81"}}, {"model": "shopapp.tag", "pk": 82, "fields": {"category": 82, "name": "tag82"}}, {"model": "shopapp.tag", "pk": 83, "fields": {"category": 83, "name": "tag83"}}, {"model": "shopapp.tag", "pk": 84, "fields": {"category": 84, "name": "tag84"}}, {"model": "shopapp.tag", "pk": 85, "fields": {"category": 85, "name": "tag85"}}, {"model": "shopapp.tag", "pk": 86, "fields": {"category": 86, "name": "tag86"}}, {"model": "shopapp.tag", "pk": 87, "fields": {"category": 87, "name": "tag87"}}, {"model": "shopapp.tag", "pk": 88, "fields": {"category": 88, "name": "tag88"}}, {"model": "shopapp.tag", "pk": 89, "fields": {"category": 89, "name": "tag89"}}, {"model": "shopapp.tag", "pk": 90, "fields": {"category": 90, "name": "tag90"}}, {"model": "shopapp.tag", "pk": 91, "fields": {"category": 91, "name": "tag91"}}, {"model": "shopapp.tag", "pk": 92, "fields": {"category": 92, "name": "tag92"}}, {"model": "shopapp.tag", "pk": 93, "fields": {"category": 93, "name": "tag93"}}, {"model": "shopapp.tag", "pk": 94, "fields": {"category": 94, "name": "tag94"}}, {"model": "shopapp.tag", "pk": 95, "fields": {"category": 95, "name": "tag95"}}, {"model": "shopapp.tag", "pk": 96, "fields": {"category": 96, "name": "tag96"}}, {"model": "shopapp.tag", "pk": 97, "fields": {"category": 97, "name": "tag97"}}, {"model": "shopapp.tag", "pk": 98, "fields": {"category": 98, "name": "tag98"}}, {"model": "shopapp.tag", "pk": 99, "fields": {"category": 99, "name": "tag99"}}, {"model": "shopapp.product", "pk": 1, "fields": {"price": "20371.50", "count": 68, "date": "2024-07-30T09:58:59.805Z", "title": "product1", "description": "description1", "fullDescription": "fullDescription1", "freeDelivery": false, "rating": 0.0, "limited": false, "sale": false, "category": 1, "tags": [31]}}, {"model": "shopapp.product", "pk": 2, "fields": {"price": "28263.53", "count": 41, "date": "2024-07-30T09:58:59.805Z", "title": "product2", "description": "description2", "fullDescription": "fullDescription2", "freeDelivery": false, "rating": 0.0, "limited": false, "sale": false, "category": 2, "tags": [75]}}, {"model": "shopapp.product", "pk": 3, "fields": {"price": "17640.82", "count": 71, "date": "2024-07-30T09:58:59.805Z", "title": "product3", "description": "description3", "fullDescription": "fullDescription3", "freeDelivery": true, "rating": 0.0, "limited": false, "sale": false, "category": 3, "tags": [53]}}, {"model": "shopapp.product", "pk": 4, "fields": {"price": "39702.32", "count": 83, "date": "2024-07-30T09:58:59.805Z", "title": "product4", "description": "description4", "fullDescription": "fullDescription4", "freeDelivery": false, "rating": 0.0, "limited": true, "sale": false, "category": 4, "tags": [32]}}, {"model": "shopapp.product", "pk": 5, "fields": {"price": "17769.01", "count": 17, "date": "2024-07-30T09:58:59.805Z", "title": "product5", "description": "description5", "fullDescription": "fullDescription5", "freeDelivery": false, "rating": 0.0, "limited": false, "sale": false, "category": 5, "tags": [42]}}, {"model": "shopapp.product", "pk": 6, "fields": {"price": "8369.85", "count": 75, "date": "2024-07-30T09:58:59.805Z", "title": "product6", "description": "description6", "fullDescription": "fullDescription6", "freeDelivery": true, "rating": 0.0, "limited": false, "sale": false, "category": 6, "tags": [79]}}, {"model": "shopapp.product", "pk": 7, "fields": {"price": "48379.19", "count": 20, "date": "2024-07-30T09:58:59.805Z", "title": "product7", "description": "description7", "fullDescription": "fullDescription7", "freeDelivery": true, "rating": 0.0, "limited": true, "sale": false, "category": 7, "tags": [78]}}, {"model": "shopapp.product", "pk": 8, "fields": {"price": "29183.77", "count": 43, "date": "2024-07-30T09:58:59.805Z", "title": "product8", "description": "description8", "fullDescription": "fullDescription8", "freeDelivery": false, "rating": 0.0, "limited": true, "sale": false, "category": 8, "tags": [81]}}, {"model": "shopapp.product", "pk": 9, "fields": {"price": "31720.73", "count": 52, "date": "2024-07-30T09:58:59.805Z", "title": "product9", "description": "description9", "fullDescription": "fullDescription9", "freeDelivery": false, "rating": 0.0, "limited": true, "sale": false, "category": 9, "tags": [38]}}, {"model": "shopapp.product", "pk": 10, "fields": {"price": "20118.61", "count": 10, "date": "2024-07-30T09:58:59.805Z", "title": "product10", "description": "description10", "fullDescription": "fullDescription10", "freeDelivery": false, "rating": 0.0, "limited": false, "sale": false, "category": 10, "tags": [4]}}, {"model": "shopapp.product", "pk": 11, "fields": {"price": "545.64", "count": 66, "date": "2024-07-30T09:58:59.805Z", "title": "product11", "description": "description11", "fullDescription": "fullDescription11", "freeDelivery": false, "rating": 0.0, "limited": true, "sale": false, "category": 11, "tags": [14]}}, {"model": "shopapp.product", "pk": 12, "fields": {"price": "47415.90", "count": 89, "date": "2024-07-30T09:58:59.805Z", "title": "product12", "description": "description12", "fullDescription": "fullDescription12", "freeDelivery": false, "rating": 0.0, "limited": true, "sale": false, "category": 12, "tags": [87]}}, {"model": "shopapp.product", "pk": 13, "fields": {"price": "46243.88", "count": 83, "date": "2024-07-30T09:58:59.805Z", "title": "product13", "description": "description13", "fullDescription": "fullDescription13", "freeDelivery": true, "rating": 0.0, "limited": true, "sale": false, "category": 13, "tags": [75]}}, {"model": "shopapp.product", "pk": 14, "fields": {"price": "973.66", "count": 55, "date": "2024-07-30T09:58:59.805Z", "title": "product14", "description": "description14", "fullDescription": "fullDescription14", "freeDelivery": false, "rating": 0.0, "limited": true, "sale": false, "category": 14, "tags": [71]}}, {"model": "shopapp.product", "pk": 15, "fields": {"price": "6430.86", "count": 76, "date": "2024-07-30T09:58:59.805Z", "title": "product15", "description": "description15", "fullDescription": "fullDescription15", "freeDelivery": false, "rating": 0.0, "limited": true, "sale": false, "category": 15, "tags": [59]}}, {"model": "shopapp.product", "pk": 16, "fields": {"price": "44892.98", "count": 95, "date": "2024-07-30T09:58:59.805Z", "title": "product16", "description": "description16", "fullDescription": "fullDescription16", "freeDelivery": false, "rating": 0.0, "limited": true, "sale": false, "category": 16, "tags": [14]}}, {"model": "shopapp.product", "pk": 17, "fields": {"price": "24528.11", "count": 15, "date": "2024-07-30T09:58:59.805Z", "title": "product17", "description": "description17", "fullDescription": "fullDescription17", "freeDelivery": false, "rating": 0.0, "limited": true, "sale": false, "category": 17, "tags": [88]}}, {"model": "shopapp.product", "pk": 18, "fields": {"price": "4144.20", "count": 55, "date": "2024-07-30T09:58:59.805Z", "title": "product18", "description": "description18", "fullDescription": "fullDescription18", "freeDelivery": false, "rating": 0.0, "limited": true, "sale": false, "category": 18, "tags": [60]}}, {"model": "shopapp.product", "pk": 19, "fields": {"price": "12452.67", "count": 71, "date": "2024-07-30T09:58:59.805Z", "title": "product19", "description": "description19", "fullDescription": "fullDescription19", "freeDelivery": true, "rating": 0.0, "limited": true, "sale": false, "category": 19, "tags": [90]}}, {"model": "shopapp.product", "pk": 20, "fields": {"price": "15709.06", "count": 72, "date": "2024-07-30T09:58:59.805Z", "title": "product20", "description": "description20", "fullDescription": "fullDescription20", "freeDelivery": false, "rating": 0.0, "limited": false, "sale": false, "category": 20, "tags": [16]}}, {"model": "shopapp.product", "pk": 21, "fields": {"price": "3625.65", "count": 100, "date": "2024-07-30T09:58:59.805Z", "title": "product21", "description": "description21", "fullDescription": "fullDescription21", "freeDelivery": false, "rating": 0.0, "limited": false, "sale": false, "category": 21, "tags": [24]}}, {"model": "shopapp.product", "pk": 22, "fields": {"price": "17224.57", "count": 97, "date": "2024-07-30T09:58:59.806Z", "title": "product22", "description": "description22", "fullDescription": "fullDescription22", "freeDelivery": true, "rating": 0.0, "limited": false, "sale": false, "category": 22, "tags": [79]}}, {"model": "shopapp.product", "pk": 23, "fields": {"price": "25593.31", "count": 14, "date": "2024-07-30T09:58:59.806Z", "title": "product23", "description": "description23", "fullDescription": "fullDescription23", "freeDelivery": false, "rating": 0.0, "limited": true, "sale": false, "category": 23, "tags": [66]}}, {"model": "shopapp.product", "pk": 24, "fields": {"price": "3246.34", "count": 87, "date": "2024-07-30T09:58:59.806Z", "title": "product24", "description": "description24", "fullDescription": "fullDescription24", "freeDelivery": false, "rating": 0.0, "limited": false, "sale": false, "category": 24, "tags": [2]}}, {"model": "shopapp.product", "pk": 25, "fields": {"price": "39866.35", "count": 65, "date": "2024-07-30T09:58:59.806Z", "title": "product25", "description": "description25", "fullDescription": "fullDescription25", "freeDelivery": false, "rating": 0.0, "limited": true, "sale": false, "category": 25, "tags": [43]}}, {"model": "shopapp.product", "pk": 26, "fields": {"price": "9711.88", "count": 73, "date": "2024-07-30T09:58:59.806Z", "title": "product26", "description": "description26", "fullDescription": "fullDescription26", "freeDelivery": false, "rating": 0.0, "limited": false, "sale": false, "category": 26, "tags": [62]}}, {"model": "shopapp.product", "pk": 27, "fields": {"price": "21069.22", "count": 87, "date": "2024-07-30T09:58:59.806Z", "title": "product27", "description": "description27", "fullDescription": "fullDescription27", "freeDelivery": true, "rating": 0.0, "limited": true, "sale": false, "category": 27, "tags": [71]}}, {"model": "shopapp.product", "pk": 28, "fields": {"price": "49115.15", "count": 74, "date": "2024-07-30T09:58:59.806Z", "title": "product28", "description": "description28", "fullDescription": "fullDescription28", "freeDelivery": true, "rating": 0.0, "limited": false, "sale": false, "category": 28, "tags": [42]}}, {"model": "shopapp.product", "pk": 29, "fields": {"price": "4784.56", "count": 99, "date": "2024-07-30T09:58:59.806Z", "title": "product29", "description": "description29", "fullDescription": "fullDescription29", "freeDelivery": true, "rating": 0.0, "limited": true, "sale": false, "category": 29, "tags": [82]}}, {"model": "shopapp.product", "pk": 30, "fields": {"price": "13599.82", "count": 82, "date": "2024-07-30T09:58:59.806Z", "title": "product30", "description": "description30", "fullDescription": "fullDescription30", "freeDelivery": true, "rating": 0.0, "limited": false, "sale": false, "category": 30, "tags": [86]}}, {"model": "shopapp.product", "pk": 31, "fields": {"price": "39927.58", "count": 95, "date": "2024-07-30T09:58:59.806Z", "title": "product31", "description": "description31", "fullDescription": "fullDescription31", "freeDelivery": false, "rating": 0.0, "limited": true, "sale": false, "category": 31, "tags": [93]}}, {"model": "shopapp.product", "pk": 32, "fields": {"price": "15804.85", "count": 79, "date": "2024-07-30T09:58:59.806Z", "title": "product32", "description": "description32", "fullDescription": "fullDescription32", "freeDelivery": true, "rating": 0.0, "limited": false, "sale": false, "category": 32, "tags": [12]}}, {"model": "shopapp.product", "pk": 33, "fields": {"price": "22200.86", "count": 58, "date": "2024-07-30T09:58:59.806Z", "title": "product33", "description": "description33", "fullDescription": "fullDescription33", "freeDelivery": true, "rating": 0.0, "limited": true, "sale": false, "category": 33, "tags": [38]}}, {"model": "shopapp.product", "pk": 34, "fields": {"price": "19386.10", "count": 47, "date": "2024-07-30T09:58:59.806Z", "title": "product34", "description": "description34", "fullDescription": "fullDescription34", "freeDelivery": false, "rating": 0.0, "limited": true, "sale": false, "category": 34, "tags": [84]}}, {"model": "shopapp.product", "pk": 35, "fields": {"price": "14093.66", "count": 63, "date": "2024-07-30T09:58:59.806Z", "title": "product35", "description": "description35", "fullDescription": "fullDescription35", "freeDelivery": false, "rating": 0.0, "limited": false, "sale": false, "category": 35, "tags": [54]}}, {"model": "shopapp.product", "pk": 36, "fields": {"price": "18279.30", "count": 42, "date": "2024-07-30T09:58:59.806Z", "title": "product36", "description": "description36", "fullDescription": "fullDescription36", "freeDelivery": true, "rating": 0.0, "limited": false, "sale": false, "category": 36, "tags": [43]}}, {"model": "shopapp.product", "pk": 37, "fields": {"price": "31869.97", "count": 46, "date": "2024-07-30T09:58:59.806Z", "title": "product37", "description": "description37", "fullDescription": "fullDescription37", "freeDelivery": true, "rating": 0.0, "limited": false, "sale": false, "category": 37, "tags": [67]}}, {"model": "shopapp.product", "pk": 38, "fields": {"price": "7872.50", "count": 41, "date": "2024-07-30T09:58:59.806Z", "title": "product38", "description": "description38", "fullDescription": "fullDescription38", "freeDelivery": true, "rating": 0.0, "limited": true, "sale": false, "category": 38, "tags": [36]}}, {"model": "shopapp.product", "pk": 39, "fields": {"price": "30968.37", "count": 74, "date": "2024-07-30T09:58:59.806Z", "title": "product39", "description": "description39", "fullDescription": "fullDescription39", "freeDelivery": false, "rating": 0.0, "limited": false, "sale": false, "category": 39, "tags": [46]}}, {"model": "shopapp.product", "pk": 40, "fields": {"price": "13182.25", "count": 32, "date": "2024-07-30T09:58:59.806Z", "title": "product40", "description": "description40", "fullDescription": "fullDescription40", "freeDelivery": false, "rating": 0.0, "limited": false, "sale": false, "category": 40, "tags": [8]}}, {"model": "shopapp.product", "pk": 41, "fields": {"price": "46341.70", "count": 35, "date": "2024-07-30T09:58:59.806Z", "title": "product41", "description": "description41", "fullDescription": "fullDescription41", "freeDelivery": true, "rating": 0.0, "limited": true, "sale": false, "category": 41, "tags": [97]}}, {"model": "shopapp.product", "pk": 42, "fields": {"price": "28715.31", "count": 61, "date": "2024-07-30T09:58:59.806Z", "title": "product42", "description": "description42", "fullDescription": "fullDescription42", "freeDelivery": false, "rating": 0.0, "limited": false, "sale": false, "category": 42, "tags": [8]}}, {"model": "shopapp.product", "pk": 43, "fields": {"price": "44670.07", "count": 55, "date": "2024-07-30T09:58:59.806Z", "title": "product43", "description": "description43", "fullDescription": "fullDescription43", "freeDelivery": false, "rating": 0.0, "limited": true, "sale": false, "category": 43, "tags": [31]}}, {"model": "shopapp.product", "pk": 44, "fields": {"price": "20745.04", "count": 70, "date": "2024-07-30T09:58:59.806Z", "title": "product44", "description": "description44", "fullDescription": "fullDescription44", "freeDelivery": true, "rating": 0.0, "limited": true, "sale": false, "category": 44, "tags": [54]}}, {"model": "shopapp.product", "pk": 45, "fields": {"price": "39942.73", "count": 57, "date": "2024-07-30T09:58:59.806Z", "title": "product45", "description": "description45", "fullDescription": "fullDescription45", "freeDelivery": false, "rating": 0.0, "limited": false, "sale": false, "category": 45, "tags": [78]}}, {"model": "shopapp.product", "pk": 46, "fields": {"price": "41834.19", "count": 56, "date": "2024-07-30T09:58:59.806Z", "title": "product46", "description": "description46", "fullDescription": "fullDescription46", "freeDelivery": false, "rating": 0.0, "limited": false, "sale": false, "category": 46, "tags": [11]}}, {"model": "shopapp.product", "pk": 47, "fields": {"price": "14041.94", "count": 34, "date": "2024-07-30T09:58:59.806Z", "title": "product47", "description": "description47", "fullDescription": "fullDescription47", "freeDelivery": false, "rating": 0.0, "limited": true, "sale": false, "category": 47, "tags": [52]}}, {"model": "shopapp.product", "pk": 48, "fields": {"price": "42263.68", "count": 24, "date": "2024-07-30T09:58:59.806Z", "title": "product48", "description": "description48", "fullDescription": "fullDescription48", "freeDelivery": true, "rating": 0.0, "limited": true, "sale": false, "category": 48, "tags": [80]}}, {"model": "shopapp.product", "pk": 49, "fields": {"price": "40930.08", "count": 33, "date": "2024-07-30T09:58:59.806Z", "title": "product49", "description": "description49", "fullDescription": "fullDescription49", "freeDelivery": true, "rating": 0.0, "limited": false, "sale": false, "category": 49, "tags": [88]}}, {"model": "shopapp.product", "pk": 50, "fields": {"price": "158.20", "count": 86, "date": "2024-07-30T09:58:59.806Z", "title": "product50", "description": "description50", "fullDescription": "fullDescription50", "freeDelivery": false, "rating": 0.0, "limited": false, "sale": false, "category": 50, "tags": [99]}}, {"model": "shopapp.product", "pk": 51, "fields": {"price": "8001.89", "count": 86, "date": "2024-07-30T09:58:59.806Z", "title": "product51", "description": "description51", "fullDescription": "fullDescription51", "freeDelivery": true, "rating": 0.0, "limited": true, "sale": false, "category": 51, "tags": [42]}}, {"model": "shopapp.product", "pk": 52, "fields": {"price": "7159.20", "count": 69, "date": "2024-07-30T09:58:59.806Z", "title": "product52", "description": "description52", "fullDescription": "fullDescription52", "freeDelivery": false, "rating": 0.0, "limited": true, "sale": false, "category": 52, "tags": [21]}}, {"model": "shopapp.product", "pk": 53, "fields": {"price": "22579.31", "count": 69, "date": "2024-07-30T09:58:59.806Z", "title": "product53", "description": "description53", "fullDescription": "fullDescription53", "freeDelivery": true, "rating": 0.0, "limited": true, "sale": false, "category": 53, "tags": [51]}}, {"model": "shopapp.product", "pk": 54, "fields": {"price": "27709.48", "count": 58, "date": "2024-07-30T09:58:59.806Z", "title": "product54", "description": "description54", "fullDescription": "fullDescription54", "freeDelivery": true, "rating": 0.0, "limited": true, "sale": false, "category": 54, "tags": [93]}}, {"model": "shopapp.product", "pk": 55, "fields": {"price": "8637.90", "count": 55, "date": "2024-07-30T09:58:59.806Z", "title": "product55", "description": "description55", "fullDescription": "fullDescription55", "freeDelivery": false, "rating": 0.0, "limited": true, "sale": false, "category": 55, "tags": [64]}}, {"model": "shopapp.product", "pk": 56, "fields": {"price": "17057.79", "count": 65, "date": "2024-07-30T09:58:59.806Z", "title": "product56", "description": "description56", "fullDescription": "fullDescription56", "freeDelivery": true, "rating": 0.0, "limited": false, "sale": false, "category": 56, "tags": [21]}}, {"model": "shopapp.product", "pk": 57, "fields": {"price": "7285.11", "count": 55, "date": "2024-07-30T09:58:59.806Z", "title": "product57", "description": "description57", "fullDescription": "fullDescription57", "freeDelivery": false, "rating": 0.0, "limited": false, "sale": false, "category": 57, "tags": [75]}}, {"model": "shopapp.product", "pk": 58, "fields": {"price": "8796.57", "count": 95, "date": "2024-07-30T09:58:59.807Z", "title": "product58", "description": "description58", "fullDescription": "fullDescription58", "freeDelivery": false, "rating": 0.0, "limited": false, "sale": false, "category": 58, "tags": [79]}}, {"model": "shopapp.product", "pk": 59, "fields": {"price": "38488.78", "count": 54, "date": "2024-07-30T09:58:59.807Z", "title": "product59", "description": "description59", "fullDescription": "fullDescription59", "freeDelivery": false, "rating": 0.0, "limited": false, "sale": false, "category": 59, "tags": [52]}}, {"model": "shopapp.product", "pk": 60, "fields": {"price": "9147.28", "count": 19, "date": "2024-07-30T09:58:59.807Z", "title": "product60", "description": "description60", "fullDescription": "fullDescription60", "freeDelivery": false, "rating": 0.0, "limited": true, "sale": false, "category": 60, "tags": [11]}}, {"model": "shopapp.product", "pk": 61, "fields": {"price": "13731.66", "count": 18, "date": "2024-07-30T09:58:59.807Z", "title": "product61", "description": "description61", "fullDescription": "fullDescription61", "freeDelivery": false, "rating": 0.0, "limited": true, "sale": false, "category": 61, "tags": [58]}}, {"model": "shopapp.product", "pk": 62, "fields": {"price": "27098.34", "count": 32, "date": "2024-07-30T09:58:59.807Z", "title": "product62", "description": "description62", "fullDescription": "fullDescription62", "freeDelivery": false, "rating": 0.0, "limited": true, "sale": false, "category": 62, "tags": [39]}}, {"model": "shopapp.product", "pk": 63, "fields": {"price": "2030.41", "count": 30, "date": "2024-07-30T09:58:59.807Z", "title": "product63", "description": "description63", "fullDescription": "fullDescription63", "freeDelivery": false, "rating": 0.0, "limited": true, "sale": false, "category": 63, "tags": [6]}}, {"model": "shopapp.product", "pk": 64, "fields": {"price": "6432.02", "count": 90, "date": "2024-07-30T09:58:59.807Z", "title": "product64", "description": "description64", "fullDescription": "fullDescription64", "freeDelivery": true, "rating": 0.0, "limited": false, "sale": false, "category": 64, "tags": [16]}}, {"model": "shopapp.product", "pk": 65, "fields": {"price": "45926.14", "count": 33, "date": "2024-07-30T09:58:59.807Z", "title": "product65", "description": "description65", "fullDescription": "fullDescription65", "freeDelivery": false, "rating": 0.0, "limited": false, "sale": false, "category": 65, "tags": [54]}}, {"model": "shopapp.product", "pk": 66, "fields": {"price": "34273.99", "count": 45, "date": "2024-07-30T09:58:59.807Z", "title": "product66", "description": "description66", "fullDescription": "fullDescription66", "freeDelivery": false, "rating": 0.0, "limited": false, "sale": false, "category": 66, "tags": [86]}}, {"model": "shopapp.product", "pk": 67, "fields": {"price": "3239.79", "count": 62, "date": "2024-07-30T09:58:59.807Z", "title": "product67", "description": "description67", "fullDescription": "fullDescription67", "freeDelivery": true, "rating": 0.0, "limited": true, "sale": false, "category": 67, "tags": [46]}}, {"model": "shopapp.product", "pk": 68, "fields": {"price": "17628.97", "count": 90, "date": "2024-07-30T09:58:59.807Z", "title": "product68", "description": "description68", "fullDescription": "fullDescription68", "freeDelivery": false, "rating": 0.0, "limited": false, "sale": false, "category": 68, "tags": [96]}}, {"model": "shopapp.product", "pk": 69, "fields": {"price": "36682.64", "count": 83, "date": "2024-07-30T09:58:59.807Z", "title": "product69", "description": "description69", "fullDescription": "fullDescription69", "freeDelivery": false, "rating": 0.0, "limited": false, "sale": false, "category": 69, "tags": [94]}}, {"model": "shopapp.product", "pk": 70, "fields": {"price": "27483.21", "count": 93, "date": "2024-07-30T09:58:59.807Z", "title": "product70", "description": "description70", "fullDescription": "fullDescription70", "freeDelivery": true, "rating": 0.0, "limited": false, "sale": false, "category": 70, "tags": [15]}}, {"model": "shopapp.product", "pk": 71, "fields": {"price": "10057.44", "count": 11, "date": "2024-07-30T09:58:59.807Z", "title": "product71", "description": "description71", "fullDescription": "fullDescription71", "freeDelivery": true, "rating": 0.0, "limited": true, "sale": false, "category": 71, "tags": [20]}}, {"model": "shopapp.product", "pk": 72, "fields": {"price": "8327.40", "count": 88, "date": "2024-07-30T09:58:59.807Z", "title": "product72", "description": "description72", "fullDescription": "fullDescription72", "freeDelivery": false, "rating": 0.0, "limited": true, "sale": false, "category": 72, "tags": [31]}}, {"model": "shopapp.product", "pk": 73, "fields": {"price": "21355.03", "count": 42, "date": "2024-07-30T09:58:59.807Z", "title": "product73", "description": "description73", "fullDescription": "fullDescription73", "freeDelivery": false, "rating": 0.0, "limited": true, "sale": false, "category": 73, "tags": [1]}}, {"model": "shopapp.product", "pk": 74, "fields": {"price": "40269.47", "count": 22, "date": "2024-07-30T09:58:59.807Z", "title": "product74", "description": "description74", "fullDescription": "fullDescription74", "freeDelivery": true, "rating": 0.0, "limited": true, "sale": false, "category": 74, "tags": [16]}}, {"model": "shopapp.product", "pk": 75, "fields": {"price": "49881.52", "count": 38, "date": "2024-07-30T09:58:59.807Z", "title": "product75", "description": "description75", "fullDescription": "fullDescription75", "freeDelivery": true, "rating": 0.0, "limited": false, "sale": false, "category": 75, "tags": [56]}}, {"model": "shopapp.product", "pk": 76, "fields": {"price": "39720.21", "count": 46, "date": "2024-07-30T09:58:59.807Z", "title": "product76", "description": "description76", "fullDescription": "fullDescription76", "freeDelivery": false, "rating": 0.0, "limited": true, "sale": false, "category": 76, "tags": [58]}}, {"model": "shopapp.product", "pk": 77, "fields": {"price": "22477.60", "count": 84, "date": "2024-07-30T09:58:59.807Z", "title": "product77", "description": "description77", "fullDescription": "fullDescription77", "freeDelivery": false, "rating": 0.0, "limited": true, "sale": false, "category": 77, "tags": [83]}}, {"model": "shopapp.product", "pk": 78, "fields": {"price": "18768.24", "count": 34, "date": "2024-07-30T09:58:59.807Z", "title": "product78", "description": "description78", "fullDescription": "fullDescription78", "freeDelivery": false, "rating": 0.0, "limited": false, "sale": false, "category": 78, "tags": [86]}}, {"model": "shopapp.product", "pk": 79, "fields": {"price": "7376.21", "count": 56, "date": "2024-07-30T09:58:59.807Z", "title": "product79", "description": "description79", "fullDescription": "fullDescription79", "freeDelivery": true, "rating": 0.0, "limited": false, "sale": false, "category": 79, "tags": [60]}}, {"model": "shopapp.product", "pk": 80, "fields": {"price": "32903.74", "count": 72, "date": "2024-07-30T09:58:59.807Z", "title": "product80", "description": "description80", "fullDescription": "fullDescription80", "freeDelivery": false, "rating": 0.0, "limited": false, "sale": false, "category": 80, "tags": [73]}}, {"model": "shopapp.product", "pk": 81, "fields": {"price": "40990.94", "count": 18, "date": "2024-07-30T09:58:59.807Z", "title": "product81", "description": "description81", "fullDescription": "fullDescription81", "freeDelivery": false, "rating": 0.0, "limited": false, "sale": false, "category": 81, "tags": [51]}}, {"model": "shopapp.product", "pk": 82, "fields": {"price": "32593.16", "count": 91, "date": "2024-07-30T09:58:59.807Z", "title": "product82", "description": "description82", "fullDescription": "fullDescription82", "freeDelivery": false, "rating": 0.0, "limited": true, "sale": false, "category": 82, "tags": [97]}}, {"model": "shopapp.product", "pk": 83, "fields": {"price": "44812.82", "count": 43, "date": "2024-07-30T09:58:59.807Z", "title": "product83", "description": "description83", "fullDescription": "fullDescription83", "freeDelivery": true, "rating": 0.0, "limited": true, "sale": false, "category": 83, "tags": [20]}}, {"model": "shopapp.product", "pk": 84, "fields": {"price": "13898.66", "count": 35, "date": "2024-07-30T09:58:59.807Z", "title": "product84", "description": "description84", "fullDescription": "fullDescription84", "freeDelivery": true, "rating": 0.0, "limited": true, "sale": false, "category": 84, "tags": [37]}}, {"model": "shopapp.product", "pk": 85, "fields": {"price": "42084.36", "count": 46, "date": "2024-07-30T09:58:59.807Z", "title": "product85", "description": "description85", "fullDescription": "fullDescription85", "freeDelivery": true, "rating": 0.0, "limited": true, "sale": false, "category": 85, "tags": [98]}}, {"model": "shopapp.product", "pk": 86, "fields": {"price": "23566.21", "count": 38, "date": "2024-07-30T09:58:59.807Z", "title": "product86", "description": "description86", "fullDescription": "fullDescription86", "freeDelivery": true, "rating": 0.0, "limited": true, "sale": false, "category": 86, "tags": [84]}}, {"model": "shopapp.product", "pk": 87, "fields": {"price": "10248.16", "count": 13, "date": "2024-07-30T09:58:59.807Z", "title": "product87", "description": "description87", "fullDescription": "fullDescription87", "freeDelivery": false, "rating": 0.0, "limited": true, "sale": false, "category": 87, "tags": [93]}}, {"model": "shopapp.product", "pk": 88, "fields": {"price": "14100.91", "count": 65, "date": "2024-07-30T09:58:59.807Z", "title": "product88", "description": "description88", "fullDescription": "fullDescription88", "freeDelivery": false, "rating": 0.0, "limited": true, "sale": false, "category": 88, "tags": [24]}}, {"model": "shopapp.product", "pk": 89, "fields": {"price": "2397.05", "count": 86, "date": "2024-07-30T09:58:59.807Z", "title": "product89", "description": "description89", "fullDescription": "fullDescription89", "freeDelivery": true, "rating": 0.0, "limited": false, "sale": false, "category": 89, "tags": [57]}}, {"model": "shopapp.product", "pk": 90, "fields": {"price": "28.66", "count": 75, "date": "2024-07-30T09:58:59.807Z", "title": "product90", "description": "description90", "fullDescription": "fullDescription90", "freeDelivery": true, "rating": 0.0, "limited": false, "sale": false, "category": 90, "tags": [40]}}, {"model": "shopapp.product", "pk": 91, "fields": {"price": "1056.28", "count": 22, "date": "2024-07-30T09:58:59.811Z", "title": "product91", "description": "description91", "fullDescription": "fullDescription91", "freeDelivery": true, "rating": 0.0, "limited": false, "sale": false, "category": 91, "tags": [72]}}, {"model": "shopapp.product", "pk": 92, "fields": {"price": "1368.28", "count": 99, "date": "2024-07-30T09:58:59.811Z", "title": "product92", "description": "description92", "fullDescription": "fullDescription92", "freeDelivery": false, "rating": 0.0, "limited": true, "sale": false, "category": 92, "tags": [83]}}, {"model": "shopapp.product", "pk": 93, "fields": {"price": "46456.91", "count": 12, "date": "2024-07-30T09:58:59.811Z", "title": "product93", "description": "description93", "fullDescription": "fullDescription93", "freeDelivery": true, "rating": 0.0, "limited": true, "sale": false, "category": 93, "tags": [84]}}, {"model": "shopapp.product", "pk": 94, "fields": {"price": "43941.64", "count": 75, "date": "2024-07-30T09:58:59.811Z", "title": "product94", "description": "description94", "fullDescription": "fullDescription94", "freeDelivery": false, "rating": 0.0, "limited": false, "sale": false, "category": 94, "tags": [14]}}, {"model": "shopapp.product", "pk": 95, "fields": {"price": "23727.56", "count": 24, "date": "2024-07-30T09:58:59.811Z", "title": "product95", "description": "description95", "fullDescription": "fullDescription95", "freeDelivery": true, "rating": 0.0, "limited": true, "sale": false, "category": 95, "tags": [45]}}, {"model": "shopapp.product", "pk": 96, "fields": {"price": "5821.24", "count": 29, "date": "2024-07-30T09:58:59.811Z", "title": "product96", "description": "description96", "fullDescription": "fullDescription96", "freeDelivery": true, "rating": 0.0, "limited": true, "sale": false, "category": 96, "tags": [96]}}, {"model": "shopapp.product", "pk": 97, "fields": {"price": "24962.53", "count": 39, "date": "2024-07-30T09:58:59.811Z", "title": "product97", "description": "description97", "fullDescription": "fullDescription97", "freeDelivery": false, "rating": 0.0, "limited": false, "sale": false, "category": 97, "tags": [51]}}, {"model": "shopapp.product", "pk": 98, "fields": {"price": "2486.91", "count": 64, "date": "2024-07-30T09:58:59.811Z", "title": "product98", "description": "description98", "fullDescription": "fullDescription98", "freeDelivery": true, "rating": 0.0, "limited": false, "sale": false, "category": 98, "tags": [35]}}, {"model": "shopapp.product", "pk": 99, "fields": {"price": "40559.55", "count": 95, "date": "2024-07-30T09:58:59.811Z", "title": "product99", "description": "description99", "fullDescription": "fullDescription99", "freeDelivery": true, "rating": 0.0, "limited": false, "sale": false, "category": 99, "tags": [65]}}, {"model": "shopapp.productimage", "pk": 1, "fields": {"product": 1, "image": "my_img.jpg"}}, {"model": "shopapp.productimage", "pk": 2, "fields": {"product": 2, "image": "my_img.jpg"}}, {"model": "shopapp.productimage", "pk": 3, "fields": {"product": 3, "image": "my_img.jpg"}}, {"model": "shopapp.productimage", "pk": 4, "fields": {"product": 4, "image": "my_img.jpg"}}, {"model": "shopapp.productimage", "pk": 5, "fields": {"product": 5, "image": "my_img.jpg"}}, {"model": "shopapp.productimage", "pk": 6, "fields": {"product": 6, "image": "my_img.jpg"}}, {"model": "shopapp.productimage", "pk": 7, "fields": {"product": 7, "image": "my_img.jpg"}}, {"model": "shopapp.productimage", "pk": 8, "fields": {"product": 8, "image": "my_img.jpg"}}, {"model": "shopapp.productimage", "pk": 9, "fields": {"product": 9, "image": "my_img.jpg"}}, {"model": "shopapp.productimage", "pk": 10, "fields": {"product": 10, "image": "my_img.jpg"}}, {"model": "shopapp.productimage", "pk": 11, "fields": {"product": 11, "image": "my_img.jpg"}}, {"model": "shopapp.productimage", "pk": 12, "fields": {"product": 12, "image": "my_img.jpg"}}, {"model": "shopapp.productimage", "pk": 13, "fields": {"product": 13, "image": "my_img.jpg"}}, {"model": "shopapp.productimage", "pk": 14, "fields": {"product": 14, "image": "my_img.jpg"}}, {"model": "shopapp.productimage", "pk": 15, "fields": {"product": 15, "image": "my_img.jpg"}}, {"model": "shopapp.productimage", "pk": 16, "fields": {"product": 16, "image": "my_img.jpg"}}, {"model": "shopapp.productimage", "pk": 17, "fields": {"product": 17, "image": "my_img.jpg"}}, {"model": "shopapp.productimage", "pk": 18, "fields": {"product": 18, "image": "my_img.jpg"}}, {"model": "shopapp.productimage", "pk": 19, "fields": {"product": 19, "image": "my_img.jpg"}}, {"model": "shopapp.productimage", "pk": 20, "fields": {"product": 20, "image": "my_img.jpg"}}, {"model": "shopapp.productimage", "pk": 21, "fields": {"product": 21, "image": "my_img.jpg"}}, {"model": "shopapp.productimage", "pk": 22, "fields": {"product": 22, "image": "my_img.jpg"}}, {"model": "shopapp.productimage", "pk": 23, "fields": {"product": 23, "image": "my_img.jpg"}}, {"model": "shopapp.productimage", "pk": 24, "fields": {"product": 24, "image": "my_img.jpg"}}, {"model": "shopapp.productimage", "pk": 25, "fields": {"product": 25, "image": "my_img.jpg"}}, {"model": "shopapp.productimage", "pk": 26, "fields": {"product": 26, "image": "my_img.jpg"}}, {"model": "shopapp.productimage", "pk": 27, "fields": {"product": 27, "image": "my_img.jpg"}}, {"model": "shopapp.productimage", "pk": 28, "fields": {"product": 28, "image": "my_img.jpg"}}, {"model": "shopapp.productimage", "pk": 29, "fields": {"product": 29, "image": "my_img.jpg"}}, {"model": "shopapp.productimage", "pk": 30, "fields": {"product": 30, "image": "my_img.jpg"}}, {"model": "shopapp.productimage", "pk": 31, "fields": {"product": 31, "image": "my_img.jpg"}}, {"model": "shopapp.productimage", "pk": 32, "fields": {"product": 32, "image": "my_img.jpg"}}, {"model": "shopapp.productimage", "pk": 33, "fields": {"product": 33, "image": "my_img.jpg"}}, {"model": "shopapp.productimage", "pk": 34, "fields": {"product": 34, "image": "my_img.jpg"}}, {"model": "shopapp.productimage", "pk": 35, "fields": {"product": 35, "image": "my_img.jpg"}}, {"model": "shopapp.productimage", "pk": 36, "fields": {"product": 36, "image": "my_img.jpg"}}, {"model": "shopapp.productimage", "pk": 37, "fields": {"product": 37, "image": "my_img.jpg"}}, {"model": "shopapp.productimage", "pk": 38, "fields": {"product": 38, "image": "my_img.jpg"}}, {"model": "shopapp.productimage", "pk": 39, "fields": {"product": 39, "image": "my_img.jpg"}}, {"model": "shopapp.productimage", "pk": 40, "fields": {"product": 40, "image": "my_img.jpg"}}, {"model": "shopapp.productimage", "pk": 41, "fields": {"product": 41, "image": "my_img.jpg"}}, {"model": "shopapp.productimage", "pk": 42, "fields": {"product": 42, "image": "my_img.jpg"}}, {"model": "shopapp.productimage", "pk": 43, "fields": {"product": 43, "image": "my_img.jpg"}}, {"model": "shopapp.productimage", "pk": 44, "fields": {"product": 44, "image": "my_img.jpg"}}, {"model": "shopapp.productimage", "pk": 45, "fields": {"product": 45, "image": "my_img.jpg"}}, {"model": "shopapp.productimage", "pk": 46, "fields": {"product": 46, "image": "my_img.jpg"}}, {"model": "shopapp.productimage", "pk": 47, "fields": {"product": 47, "image": "my_img.jpg"}}, {"model": "shopapp.productimage", "pk": 48, "fields": {"product": 48, "image": "my_img.jpg"}}, {"model": "shopapp.productimage", "pk": 49, "fields": {"product": 49, "image": "my_img.jpg"}}, {"model": "shopapp.productimage", "pk": 50, "fields": {"product": 50, "image": "my_img.jpg"}}, {"model": "shopapp.productimage", "pk": 51, "fields": {"product": 51, "image": "my_img.jpg"}}, {"model": "shopapp.productimage", "pk": 52, "fields": {"product": 52, "image": "my_img.jpg"}}, {"model": "shopapp.productimage", "pk": 53, "fields": {"product": 53, "image": "my_img.jpg"}}, {"model": "shopapp.productimage", "pk": 54, "fields": {"product": 54, "image": "my_img.jpg"}}, {"model": "shopapp.productimage", "pk": 55, "fields": {"product": 55, "image": "my_img.jpg"}}, {"model": "shopapp.productimage", "pk": 56, "fields": {"product": 56, "image": "my_img.jpg"}}, {"model": "shopapp.productimage", "pk": 57, "fields": {"product": 57, "image": "my_img.jpg"}}, {"model": "shopapp.productimage", "pk": 58, "fields": {"product": 58, "image": "my_img.jpg"}}, {"model": "shopapp.productimage", "pk": 59, "fields": {"product": 59, "image": "my_img.jpg"}}, {"model": "shopapp.productimage", "pk": 60, "fields": {"product": 60, "image": "my_img.jpg"}}, {"model": "shopapp.productimage", "pk": 61, "fields": {"product": 61, "image": "my_img.jpg"}}, {"model": "shopapp.productimage", "pk": 62, "fields": {"product": 62, "image": "my_img.jpg"}}, {"model": "shopapp.productimage", "pk": 63, "fields": {"product": 63, "image": "my_img.jpg"}}, {"model": "shopapp.productimage", "pk": 64, "fields": {"product": 64, "image": "my_img.jpg"}}, {"model": "shopapp.productimage", "pk": 65, "fields": {"product": 65, "image": "my_img.jpg"}}, {"model": "shopapp.productimage", "pk": 66, "fields": {"product": 66, "image": "my_img.jpg"}}, {"model": "shopapp.productimage", "pk": 67, "fields": {"product": 67, "image": "my_img.jpg"}}, {"model": "shopapp.productimage", "pk": 68, "fields": {"product": 68, "image": "my_img.jpg"}}, {"model": "shopapp.productimage", "pk": 69, "fields": {"product": 69, "image": "my_img.jpg"}}, {"model": "shopapp.productimage", "pk": 70, "fields": {"product": 70, "image": "my_img.jpg"}}, {"model": "shopapp.productimage", "pk": 71, "fields": {"product": 71, "image": "my_img.jpg"}}, {"model": "shopapp.productimage", "pk": 72, "fields": {"product": 72, "image": "my_img.jpg"}}, {"model": "shopapp.productimage", "pk": 73, "fields": {"product": 73, "image": "my_img.jpg"}}, {"model": "shopapp.productimage", "pk": 74, "fields": {"product": 74, "image": "my_img.jpg"}}, {"model": "shopapp.productimage", "pk": 75, "fields": {"product": 75, "image": "my_img.jpg"}}, {"model": "shopapp.productimage", "pk": 76, "fields": {"product": 76, "image": "my_img.jpg"}}, {"model": "shopapp.productimage", "pk": 77, "fields": {"product": 77, "image": "my_img.jpg"}}, {"model": "shopapp.productimage", "pk": 78, "fields": {"product": 78, "image": "my_img.jpg"}}, {"model": "shopapp.productimage", "pk": 79, "fields": {"product": 79, "image": "my_img.jpg"}}, {"model": "shopapp.productimage", "pk": 80, "fields": {"product": 80, "image": "my_img.jpg"}}, {"model": "shopapp.productimage", "pk": 81, "fields": {"product": 81, "image": "my_img.jpg"}}, {"model": "shopapp.productimage", "pk": 82, "fields": {"product": 82, "image": "my_img.jpg"}}, {"model": "shopapp.productimage", "pk": 83, "fields": {"product": 83, "image": "my_img.jpg"}}, {"model": "shopapp.productimage", "pk": 84, "fields": {"product": 84, "image": "my_img.jpg"}}, {"model": "shopapp.productimage", "pk": 85, "fields": {"product": 85, "image": "my_img.jpg"}}, {"model": "shopapp.productimage", "pk": 86, "fields": {"product": 86, "image": "my_img.jpg"}}, {"model": "shopapp.productimage", "pk": 87, "fields": {"product": 87, "image": "my_img.jpg"}}, {"model": "shopapp.productimage", "pk": 88, "fields": {"product": 88, "image": "my_img.jpg"}}, {"model": "shopapp.productimage", "pk": 89, "fields": {"product": 89, "image": "my_img.jpg"}}, {"model": "shopapp.productimage", "pk": 90, "fields": {"product": 90, "image": "my_img.jpg"}}, {"model": "shopapp.productimage", "pk": 91, "fields": {"product": 91, "image": "my_img.jpg"}}, {"model": "shopapp.productimage", "pk": 92, "fields": {"product": 92, "image": "my_img.jpg"}}, {"model": "shopapp.productimage", "pk": 93, "fields": {"product": 93, "image": "my_img.jpg"}}, {"model": "shopapp.productimage", "pk": 94, "fields": {"product": 94, "image": "my_img.jpg"}}, {"model": "shopapp.productimage", "pk": 95, "fields": {"product": 95, "image": "my_img.jpg"}}, {"model": "shopapp.productimage", "pk": 96, "fields": {"product": 96, "image": "my_img.jpg"}}, {"model": "shopapp.productimage", "pk": 97, "fields": {"product": 97, "image": "my_img.jpg"}}, {"model": "shopapp.productimage", "pk": 98, "fields": {"product": 98, "image": "my_img.jpg"}}, {"model": "shopapp.productimage", "pk": 99, "fields": {"product": 99, "image": "my_img.jpg"}}, {"model": "shopapp.specification", "pk": 1, "fields": {"product": 1, "name": "name1", "value": "value1"}}, {"model": "shopapp.specification", "pk": 2, "fields": {"product": 2, "name": "name2", "value": "value2"}}, {"model": "shopapp.specification", "pk": 3, "fields": {"product": 3, "name": "name3", "value": "value3"}}, {"model": "shopapp.specification", "pk": 4, "fields": {"product": 4, "name": "name4", "value": "value4"}}, {"model": "shopapp.specification", "pk": 5, "fields": {"product": 5, "name": "name5", "value": "value5"}}, {"model": "shopapp.specification", "pk": 6, "fields": {"product": 6, "name": "name6", "value": "value6"}}, {"model": "shopapp.specification", "pk": 7, "fields": {"product": 7, "name": "name7", "value": "value7"}}, {"model": "shopapp.specification", "pk": 8, "fields": {"product": 8, "name": "name8", "value": "value8"}}, {"model": "shopapp.specification", "pk": 9, "fields": {"product": 9, "name": "name9", "value": "value9"}}, {"model": "shopapp.specification", "pk": 10, "fields": {"product": 10, "name": "name10", "value": "value10"}}, {"model": "shopapp.specification", "pk": 11, "fields": {"product": 11, "name": "name11", "value": "value11"}}, {"model": "shopapp.specification", "pk": 12, "fields": {"product": 12, "name": "name12", "value": "value12"}}, {"model": "shopapp.specification", "pk": 13, "fields": {"product": 13, "name": "name13", "value": "value13"}}, {"model": "shopapp.specification", "pk": 14, "fields": {"product": 14, "name": "name14", "value": "value14"}}, {"model": "shopapp.specification", "pk": 15, "fields": {"product": 15, "name": "name15", "value": "value15"}}, {"model": "shopapp.specification", "pk": 16, "fields": {"product": 16, "name": "name16", "value": "value16"}}, {"model": "shopapp.specification", "pk": 17, "fields": {"product": 17, "name": "name17", "value": "value17"}}, {"model": "shopapp.specification", "pk": 18, "fields": {"product": 18, "name": "name18", "value": "value18"}}, {"model": "shopapp.specification", "pk": 19, "fields": {"product": 19, "name": "name19", "value": "value19"}}, {"model": "shopapp.specification", "pk": 20, "fields": {"product": 20, "name": "name20", "value": "value20"}}, {"model": "shopapp.specification", "pk": 21, "fields": {"product": 21, "name": "name21", "value": "value21"}}, {"model": "shopapp.specification", "pk": 22, "fields": {"product": 22, "name": "name22", "value": "value22"}}, {"model": "shopapp.specification", "pk": 23, "fields": {"product": 23, "name": "name23", "value": "value23"}}, {"model": "shopapp.specification", "pk": 24, "fields": {"product": 24, "name": "name24", "value": "value24"}}, {"model": "shopapp.specification", "pk": 25, "fields": {"product": 25, "name": "name25", "value": "value25"}}, {"model": "shopapp.specification", "pk": 26, "fields": {"product": 26, "name": "name26", "value": "value26"}}, {"model": "shopapp.specification", "pk": 27, "fields": {"product": 27, "name": "name27", "value": "value27"}}, {"model": "shopapp.specification", "pk": 28, "fields": {"product": 28, "name": "name28", "value": "value28"}}, {"model": "shopapp.specification", "pk": 29, "fields": {"product": 29, "name": "name29", "value": "value29"}}, {"model": "shopapp.specification", "pk": 30, "fields": {"product": 30, "name": "name30", "value": "value30"}}, {"model": "shopapp.specification", "pk": 31, "fields": {"product": 31, "name": "name31", "value": "value31"}}, {"model": "shopapp.specification", "pk": 32, "fields": {"product": 32, "name": "name32", "value": "value32"}}, {"model": "shopapp.specification", "pk": 33, "fields": {"product": 33, "name": "name33", "value": "value33"}}, {"model": "shopapp.specification", "pk": 34, "fields": {"product": 34, "name": "name34", "value": "value34"}}, {"model": "shopapp.specification", "pk": 35, "fields": {"product": 35, "name": "name35", "value": "value35"}}, {"model": "shopapp.specification", "pk": 36, "fields": {"product": 36, "name": "name36", "value": "value36"}}, {"model": "shopapp.specification", "pk": 37, "fields": {"product": 37, "name": "name37", "value": "value37"}}, {"model": "shopapp.specification", "pk": 38, "fields": {"product": 38, "name": "name38", "value": "value38"}}, {"model": "shopapp.specification", "pk": 39, "fields": {"product": 39, "name": "name39", "value": "value39"}}, {"model": "shopapp.specification", "pk": 40, "fields": {"product": 40, "name": "name40", "value": "value40"}}, {"model": "shopapp.specification", "pk": 41, "fields": {"product": 41, "name": "name41", "value": "value41"}}, {"model": "shopapp.specification", "pk": 42, "fields": {"product": 42, "name": "name42", "value": "value42"}}, {"model": "shopapp.specification", "pk": 43, "fields": {"product": 43, "name": "name43", "value": "value43"}}, {"model": "shopapp.specification", "pk": 44, "fields": {"product": 44, "name": "name44", "value": "value44"}}, {"model": "shopapp.specification", "pk": 45, "fields": {"product": 45, "name": "name45", "value": "value45"}}, {"model": "shopapp.specification", "pk": 46, "fields": {"product": 46, "name": "name46", "value": "value46"}}, {"model": "shopapp.specification", "pk": 47, "fields": {"product": 47, "name": "name47", "value": "value47"}}, {"model": "shopapp.specification", "pk": 48, "fields": {"product": 48, "name": "name48", "value": "value48"}}, {"model": "shopapp.specification", "pk": 49, "fields": {"product": 49, "name": "name49", "value": "value49"}}, {"model": "shopapp.specification", "pk": 50, "fields": {"product": 50, "name": "name50", "value": "value50"}}, {"model": "shopapp.specification", "pk": 51, "fields": {"product": 51, "name": "name51", "value": "value51"}}, {"model": "shopapp.specification", "pk": 52, "fields": {"product": 52, "name": "name52", "value": "value52"}}, {"model": "shopapp.specification", "pk": 53, "fields": {"product": 53, "name": "name53", "value": "value53"}}, {"model": "shopapp.specification", "pk": 54, "fields": {"product": 54, "name": "name54", "value": "value54"}}, {"model": "shopapp.specification", "pk": 55, "fields": {"product": 55, "name": "name55", "value": "value55"}}, {"model": "shopapp.specification", "pk": 56, "fields": {"product": 56, "name": "name56", "value": "value56"}}, {"model": "shopapp.specification", "pk": 57, "fields": {"product": 57, "name": "name57", "value": "value57"}}, {"model": "shopapp.specification", "pk": 58, "fields": {"product": 58, "name": "name58", "value": "value58"}}, {"model": "shopapp.specification", "pk": 59, "fields": {"product": 59, "name": "name59", "value": "value59"}}, {"model": "shopapp.specification", "pk": 60, "fields": {"product": 60, "name": "name60", "value": "value60"}}, {"model": "shopapp.specification", "pk": 61, "fields": {"product": 61, "name": "name61", "value": "value61"}}, {"model": "shopapp.specification", "pk": 62, "fields": {"product": 62, "name": "name62", "value": "value62"}}, {"model": "shopapp.specification", "pk": 63, "fields": {"product": 63, "name": "name63", "value": "value63"}}, {"model": "shopapp.specification", "pk": 64, "fields": {"product": 64, "name": "name64", "value": "value64"}}, {"model": "shopapp.specification", "pk": 65, "fields": {"product": 65, "name": "name65", "value": "value65"}}, {"model": "shopapp.specification", "pk": 66, "fields": {"product": 66, "name": "name66", "value": "value66"}}, {"model": "shopapp.specification", "pk": 67, "fields": {"product": 67, "name": "name67", "value": "value67"}}, {"model": "shopapp.specification", "pk": 68, "fields": {"product": 68, "name": "name68", "value": "value68"}}, {"model": "shopapp.specification", "pk": 69, "fields": {"product": 69, "name": "name69", "value": "value69"}}, {"model": "shopapp.specification", "pk": 70, "fields": {"product": 70, "name": "name70", "value": "value70"}}, {"model": "shopapp.specification", "pk": 71, "fields": {"product": 71, "name": "name71", "value": "value71"}}, {"model": "shopapp.specification", "pk": 72, "fields": {"product": 72, "name": "name72", "value": "value72"}}, {"model": "shopapp.specification", "pk": 73, "fields": {"product": 73, "name": "name73", "value": "value73"}}, {"model": "shopapp.specification", "pk": 74, "fields": {"product": 74, "name": "name74", "value": "value74"}}, {"model": "shopapp.specification", "pk": 75, "fields": {"product": 75, "name": "name75", "value": "value75"}}, {"model": "shopapp.specification", "pk": 76, "fields": {"product": 76, "name": "name76", "value": "value76"}}, {"model": "shopapp.specification", "pk": 77, "fields": {"product": 77, "name": "name77", "value": "value77"}}, {"model": "shopapp.specification", "pk": 78, "fields": {"product": 78, "name": "name78", "value": "value78"}}, {"model": "shopapp.specification", "pk": 79, "fields": {"product": 79, "name": "name79", "value": "value79"}}, {"model": "shopapp.specification", "pk": 80, "fields": {"product": 80, "name": "name80", "value": "value80"}}, {"model": "shopapp.specification", "pk": 81, "fields": {"product": 81, "name": "name81", "value": "value81"}}, {"model": "shopapp.specification", "pk": 82, "fields": {"product": 82, "name": "name82", "value": "value82"}}, {"model": "shopapp.specification", "pk": 83, "fields": {"product": 83, "name": "name83", "value": "value83"}}, {"model": "shopapp.specification", "pk": 84, "fields": {"product": 84, "name": "name84", "value": "value84"}}, {"model": "shopapp.specification", "pk": 85, "fields": {"product": 85, "name": "name85", "value": "value85"}}, {"model": "shopapp.specification", "pk": 86, "fields": {"product": 86, "name": "name86", "value": "value86"}}, {"model": "shopapp.specification", "pk": 87, "fields": {"product": 87, "name": "name87", "value": "value87"}}, {"model": "shopapp.specification", "pk": 88, "fields": {"product": 88, "name": "name88", "value": "value88"}}, {"model": "shopapp.specification", "pk": 89, "fields": {"product": 89, "name": "name89", "value": "value89"}}, {"model": "shopapp.specification", "pk": 90, "fields": {"product": 90, "name": "name90", "value": "value90"}}, {"model": "shopapp.specification", "pk": 91, "fields": {"product": 91, "name": "name91", "value": "value91"}}, {"model": "shopapp.specification", "pk": 92, "fields": {"product": 92, "name": "name92", "value": "value92"}}, {"model": "shopapp.specification", "pk": 93, "fields": {"product": 93, "name": "name93", "value": "value93"}}, {"model": "shopapp.specification", "pk": 94, "fields": {"product": 94, "name": "name94", "value": "value94"}}, {"model": "shopapp.specification", "pk": 95, "fields": {"product": 95, "name": "name95", "value": "value95"}}, {"model": "shopapp.specification", "pk": 96, "fields": {"product": 96, "name": "name96", "value": "value96"}}, {"model": "shopapp.specification", "pk": 97, "fields": {"product": 97, "name": "name97", "value": "value97"}}, {"model": "shopapp.specification", "pk": 98, "fields": {"product": 98, "name": "name98", "value": "value98"}}, {"model": "shopapp.specification", "pk": 99, "fields": {"product": 99, "name": "name99", "value": "value99"}}, {"model": "shopapp.review", "pk": 1, "fields": {"product": 1, "author": "review1", "email": "review1@mail.ru", "text": "text1", "rate": 5, "date": "2024-07-30T09:58:59.874Z"}}, {"model": "shopapp.review", "pk": 2, "fields": {"product": 2, "author": "review2", "email": "review2@mail.ru", "text": "text2", "rate": 2, "date": "2024-07-30T09:58:59.874Z"}}, {"model": "shopapp.review", "pk": 3, "fields": {"product": 3, "author": "review3", "email": "review3@mail.ru", "text": "text3", "rate": 1, "date": "2024-07-30T09:58:59.874Z"}}, {"model": "shopapp.review", "pk": 4, "fields": {"product": 4, "author": "review4", "email": "review4@mail.ru", "text": "text4", "rate": 1, "date": "2024-07-30T09:58:59.874Z"}}, {"model": "shopapp.review", "pk": 5, "fields": {"product": 5, "author": "review5", "email": "review5@mail.ru", "text": "text5", "rate": 5, "date": "2024-07-30T09:58:59.874Z"}}, {"model": "shopapp.review", "pk": 6, "fields": {"product": 6, "author": "review6", "email": "review6@mail.ru", "text": "text6", "rate": 3, "date": "2024-07-30T09:58:59.874Z"}}, {"model": "shopapp.review", "pk": 7, "fields": {"product": 7, "author": "review7", "email": "review7@mail.ru", "text": "text7", "rate": 1, "date": "2024-07-30T09:58:59.874Z"}}, {"model": "shopapp.review", "pk": 8, "fields": {"product": 8, "author": "review8", "email": "review8@mail.ru", "text": "text8", "rate": 5, "date": "2024-07-30T09:58:59.874Z"}}, {"model": "shopapp.review", "pk": 9, "fields": {"product": 9, "author": "review9", "email": "review9@mail.ru", "text": "text9", "rate": 1, "date": "2024-07-30T09:58:59.874Z"}}, {"model": "shopapp.review", "pk": 10, "fields": {"product": 10, "author": "review10", "email": "review10@mail.ru", "text": "text10", "rate": 1, "date": "2024-07-30T09:58:59.874Z"}}, {"model": "shopapp.review", "pk": 11, "fields": {"product": 11, "author": "review11", "email": "review11@mail.ru", "text": "text11", "rate": 3, "date": "2024-07-30T09:58:59.874Z"}}, {"model": "shopapp.review", "pk": 12, "fields": {"product": 12, "author": "review12", "email": "review12@mail.ru", "text": "text12", "rate": 2, "date": "2024-07-30T09:58:59.874Z"}}, {"model": "shopapp.review", "pk": 13, "fields": {"product": 13, "author": "review13", "email": "review13@mail.ru", "text": "text13", "rate": 4, "date": "2024-07-30T09:58:59.874Z"}}, {"model": "shopapp.review", "pk": 14, "fields": {"product": 14, "author": "review14", "email": "review14@mail.ru", "text": "text14", "rate": 4, "date": "2024-07-30T09:58:59.874Z"}}, {"model": "shopapp.review", "pk": 15, "fields": {"product": 15, "author": "review15", "email": "review15@mail.ru", "text": "text15", "rate": 5, "date": "2024-07-30T09:58:59.874Z"}}, {"model": "shopapp.review", "pk": 16, "fields": {"product": 16, "author": "review16", "email": "review16@mail.ru", "text": "text16", "rate": 1, "date": "2024-07-30T09:58:59.874Z"}}, {"model": "shopapp.review", "pk": 17, "fields": {"product": 17, "author": "review17", "email": "review17@mail.ru", "text": "text17", "rate": 4, "date": "2024-07-30T09:58:59.874Z"}}, {"model": "shopapp.review", "pk": 18, "fields": {"product": 18, "author": "review18", "email": "review18@mail.ru", "text": "text18", "rate": 2, "date": "2024-07-30T09:58:59.874Z"}}, {"model": "shopapp.review", "pk": 19, "fields": {"product": 19, "author": "review19", "email": "review19@mail.ru", "text": "text19", "rate": 3, "date": "2024-07-30T09:58:59.874Z"}}, {"model": "shopapp.review", "pk": 20, "fields": {"product": 20, "author": "review20", "email": "review20@mail.ru", "text": "text20", "rate": 5, "date": "2024-07-30T09:58:59.874Z"}}, {"model": "shopapp.review", "pk": 21, "fields": {"product": 21, "author": "review21", "email": "review21@mail.ru", "text": "text21", "rate": 5, "date": "2024-07-30T09:58:59.874Z"}}, {"model": "shopapp.review", "pk": 22, "fields": {"product": 22, "author": "review22", "email": "review22@mail.ru", "text": "text22", "rate": 3, "date": "2024-07-30T09:58:59.874Z"}}, {"model": "shopapp.review", "pk": 23, "fields": {"product": 23, "author": "review23", "email": "review23@mail.ru", "text": "text23", "rate": 2, "date": "2024-07-30T09:58:59.874Z"}}, {"model": "shopapp.review", "pk": 24, "fields": {"product": 24, "author": "review24", "email": "review24@mail.ru", "text": "text24", "rate": 5, "date": "2024-07-30T09:58:59.874Z"}}, {"model": "shopapp.review", "pk": 25, "fields": {"product": 25, "author": "review25", "email": "review25@mail.ru", "text": "text25", "rate": 4, "date": "2024-07-30T09:58:59.874Z"}}, {"model": "shopapp.review", "pk": 26, "fields": {"product": 26, "author": "review26", "email": "review26@mail.ru", "text": "text26", "rate": 1, "date": "2024-07-30T09:58:59.874Z"}}, {"model": "shopapp.review", "pk": 27, "fields": {"product": 27, "author": "review27", "email": "review27@mail.ru", "text": "text27", "rate": 1, "date": "2024-07-30T09:58:59.874Z"}}, {"model": "shopapp.review", "pk": 28, "fields": {"product": 28, "author": "review28", "email": "review28@mail.ru", "text": "text28", "rate": 4, "date": "2024-07-30T09:58:59.874Z"}}, {"model": "shopapp.review", "pk": 29, "fields": {"product": 29, "author": "review29", "email": "review29@mail.ru", "text": "text29", "rate": 2, "date": "2024-07-30T09:58:59.874Z"}}, {"model": "shopapp.review", "pk": 30, "fields": {"product": 30, "author": "review30", "email": "review30@mail.ru", "text": "text30", "rate": 4, "date": "2024-07-30T09:58:59.874Z"}}, {"model": "shopapp.review", "pk": 31, "fields": {"product": 31, "author": "review31", "email": "review31@mail.ru", "text": "text31", "rate": 2, "date": "2024-07-30T09:58:59.874Z"}}, {"model": "shopapp.review", "pk": 32, "fields": {"product": 32, "author": "review32", "email": "review32@mail.ru", "text": "text32", "rate": 3, "date": "2024-07-30T09:58:59.874Z"}}, {"model": "shopapp.review", "pk": 33, "fields": {"product": 33, "author": "review33", "email": "review33@mail.ru", "text": "text33", "rate": 3, "date": "2024-07-30T09:58:59.874Z"}}, {"model": "shopapp.review", "pk": 34, "fields": {"product": 34, "author": "review34", "email": "review34@mail.ru", "text": "text34", "rate": 3, "date": "2024-07-30T09:58:59.874Z"}}, {"model": "shopapp.review", "pk": 35, "fields": {"product": 35, "author": "review35", "email": "review35@mail.ru", "text": "text35", "rate": 1, "date": "2024-07-30T09:58:59.874Z"}}, {"model": "shopapp.review", "pk": 36, "fields": {"product": 36, "author": "review36", "email": "review36@mail.ru", "text": "text36", "rate": 5, "date": "2024-07-30T09:58:59.874Z"}}, {"model": "shopapp.review", "pk": 37, "fields": {"product": 37, "author": "review37", "email": "review37@mail.ru", "text": "text37", "rate": 1, "date": "2024-07-30T09:58:59.874Z"}}, {"model": "shopapp.review", "pk": 38, "fields": {"product": 38, "author": "review38", "email": "review38@mail.ru", "text": "text38", "rate": 1, "date": "2024-07-30T09:58:59.874Z"}}, {"model": "shopapp.review", "pk": 39, "fields": {"product": 39, "author": "review39", "email": "review39@mail.ru", "text": "text39", "rate": 3, "date": "2024-07-30T09:58:59.874Z"}}, {"model": "shopapp.review", "pk": 40, "fields": {"product": 40, "author": "review40", "email": "review40@mail.ru", "text": "text40", "rate": 5, "date": "2024-07-30T09:58:59.874Z"}}, {"model": "shopapp.review", "pk": 41, "fields": {"product": 41, "author": "review41", "email": "review41@mail.ru", "text": "text41", "rate": 4, "date": "2024-07-30T09:58:59.874Z"}}, {"model": "shopapp.review", "pk": 42, "fields": {"product": 42, "author": "review42", "email": "review42@mail.ru", "text": "text42", "rate": 2, "date": "2024-07-30T09:58:59.874Z"}}, {"model": "shopapp.review", "pk": 43, "fields": {"product": 43, "author": "review43", "email": "review43@mail.ru", "text": "text43", "rate": 3, "date": "2024-07-30T09:58:59.874Z"}}, {"model": "shopapp.review", "pk": 44, "fields": {"product": 44, "author": "review44", "email": "review44@mail.ru", "text": "text44", "rate": 5, "date": "2024-07-30T09:58:59.874Z"}}, {"model": "shopapp.review", "pk": 45, "fields": {"product": 45, "author": "review45", "email": "review45@mail.ru", "text": "text45", "rate": 3, "date": "2024-07-30T09:58:59.874Z"}}, {"model": "shopapp.review", "pk": 46, "fields": {"product": 46, "author": "review46", "email": "review46@mail.ru", "text": "text46", "rate": 5, "date": "2024-07-30T09:58:59.874Z"}}, {"model": "shopapp.review", "pk": 47, "fields": {"product": 47, "author": "review47", "email": "review47@mail.ru", "text": "text47", "rate": 4, "date": "2024-07-30T09:58:59.874Z"}}, {"model": "shopapp.review", "pk": 48, "fields": {"product": 48, "author": "review48", "email": "review48@mail.ru", "text": "text48", "rate": 1, "date": "2024-07-30T09:58:59.875Z"}}, {"model": "shopapp.review", "pk": 49, "fields": {"product": 49, "author": "review49", "email": "review49@mail.ru", "text": "text49", "rate": 1, "date": "2024-07-30T09:58:59.875Z"}}, {"model": "shopapp.review", "pk": 50, "fields": {"product": 50, "author": "review50", "email": "review50@mail.ru", "text": "text50", "rate": 3, "date": "2024-07-30T09:58:59.875Z"}}, {"model": "shopapp.review", "pk": 51, "fields": {"product": 51, "author": "review51", "email": "review51@mail.ru", "text": "text51", "rate": 3, "date": "2024-07-30T09:58:59.875Z"}}, {"model": "shopapp.review", "pk": 52, "fields": {"product": 52, "author": "review52", "email": "review52@mail.ru", "text": "text52", "rate": 2, "date": "2024-07-30T09:58:59.875Z"}}, {"model": "shopapp.review", "pk": 53, "fields": {"product": 53, "author": "review53", "email": "review53@mail.ru", "text": "text53", "rate": 4, "date": "2024-07-30T09:58:59.875Z"}}, {"model": "shopapp.review", "pk": 54, "fields": {"product": 54, "author": "review54", "email": "review54@mail.ru", "text": "text54", "rate": 1, "date": "2024-07-30T09:58:59.875Z"}}, {"model": "shopapp.review", "pk": 55, "fields": {"product": 55, "author": "review55", "email": "review55@mail.ru", "text": "text55", "rate": 2, "date": "2024-07-30T09:58:59.875Z"}}, {"model": "shopapp.review", "pk": 56, "fields": {"product": 56, "author": "review56", "email": "review56@mail.ru", "text": "text56", "rate": 4, "date": "2024-07-30T09:58:59.875Z"}}, {"model": "shopapp.review", "pk": 57, "fields": {"product": 57, "author": "review57", "email": "review57@mail.ru", "text": "text57", "rate": 1, "date": "2024-07-30T09:58:59.875Z"}}, {"model": "shopapp.review", "pk": 58, "fields": {"product": 58, "author": "review58", "email": "review58@mail.ru", "text": "text58", "rate": 2, "date": "2024-07-30T09:58:59.875Z"}}, {"model": "shopapp.review", "pk": 59, "fields": {"product": 59, "author": "review59", "email": "review59@mail.ru", "text": "text59", "rate": 2, "date": "2024-07-30T09:58:59.875Z"}}, {"model": "shopapp.review", "pk": 60, "fields": {"product": 60, "author": "review60", "email": "review60@mail.ru", "text": "text60", "rate": 2, "date": "2024-07-30T09:58:59.875Z"}}, {"model": "shopapp.review", "pk": 61, "fields": {"product": 61, "author": "review61", "email": "review61@mail.ru", "text": "text61", "rate": 2, "date": "2024-07-30T09:58:59.875Z"}}, {"model": "shopapp.review", "pk": 62, "fields": {"product": 62, "author": "review62", "email": "review62@mail.ru", "text": "text62", "rate": 1, "date": "2024-07-30T09:58:59.875Z"}}, {"model": "shopapp.review", "pk": 63, "fields": {"product": 63, "author": "review63", "email": "review63@mail.ru", "text": "text63", "rate": 5, "date": "2024-07-30T09:58:59.875Z"}}, {"model": "shopapp.review", "pk": 64, "fields": {"product": 64, "author": "review64", "email": "review64@mail.ru", "text": "text64", "rate": 1, "date": "2024-07-30T09:58:59.875Z"}}, {"model": "shopapp.review", "pk": 65, "fields": {"product": 65, "author": "review65", "email": "review65@mail.ru", "text": "text65", "rate": 4, "date": "2024-07-30T09:58:59.875Z"}}, {"model": "shopapp.review", "pk": 66, "fields": {"product": 66, "author": "review66", "email": "review66@mail.ru", "text": "text66", "rate": 5, "date": "2024-07-30T09:58:59.875Z"}}, {"model": "shopapp.review", "pk": 67, "fields": {"product": 67, "author": "review67", "email": "review67@mail.ru", "text": "text67", "rate": 2, "date": "2024-07-30T09:58:59.875Z"}}, {"model": "shopapp.review", "pk": 68, "fields": {"product": 68, "author": "review68", "email": "review68@mail.ru", "text": "text68", "rate": 4, "date": "2024-07-30T09:58:59.875Z"}}, {"model": "shopapp.review", "pk": 69, "fields": {"product": 69, "author": "review69", "email": "review69@mail.ru", "text": "text69", "rate": 2, "date": "2024-07-30T09:58:59.875Z"}}, {"model": "shopapp.review", "pk": 70, "fields": {"product": 70, "author": "review70", "email": "review70@mail.ru", "text": "text70", "rate": 5, "date": "2024-07-30T09:58:59.875Z"}}, {"model": "shopapp.review", "pk": 71, "fields": {"product": 71, "author": "review71", "email": "review71@mail.ru", "text": "text71", "rate": 2, "date": "2024-07-30T09:58:59.875Z"}}, {"model": "shopapp.review", "pk": 72, "fields": {"product": 72, "author": "review72", "email": "review72@mail.ru", "text": "text72", "rate": 1, "date": "2024-07-30T09:58:59.875Z"}}, {"model": "shopapp.review", "pk": 73, "fields": {"product": 73, "author": "review73", "email": "review73@mail.ru", "text": "text73", "rate": 2, "date": "2024-07-30T09:58:59.875Z"}}, {"model": "shopapp.review", "pk": 74, "fields": {"product": 74, "author": "review74", "email": "review74@mail.ru", "text": "text74", "rate": 4, "date": "2024-07-30T09:58:59.875Z"}}, {"model": "shopapp.review", "pk": 75, "fields": {"product": 75, "author": "review75", "email": "review75@mail.ru", "text": "text75", "rate": 5, "date": "2024-07-30T09:58:59.875Z"}}, {"model": "shopapp.review", "pk": 76, "fields": {"product": 76, "author": "review76", "email": "review76@mail.ru", "text": "text76", "rate": 2, "date": "2024-07-30T09:58:59.875Z"}}, {"model": "shopapp.review", "pk": 77, "fields": {"product": 77, "author": "review77", "email": "review77@mail.ru", "text": "text77", "rate": 3, "date": "2024-07-30T09:58:59.875Z"}}, {"model": "shopapp.review", "pk": 78, "fields": {"product": 78, "author": "review78", "email": "review78@mail.ru", "text": "text78", "rate": 3, "date": "2024-07-30T09:58:59.875Z"}}, {"model": "shopapp.review", "pk": 79, "fields": {"product": 79, "author": "review79", "email": "review79@mail.ru", "text": "text79", "rate": 3, "date": "2024-07-30T09:58:59.875Z"}}, {"model": "shopapp.review", "pk": 80, "fields": {"product": 80, "author": "review80", "email": "review80@mail.ru", "text": "text80", "rate": 3, "date": "2024-07-30T09:58:59.875Z"}}, {"model": "shopapp.review", "pk": 81, "fields": {"product": 81, "author": "review81", "email": "review81@mail.ru", "text": "text81", "rate": 3, "date": "2024-07-30T09:58:59.875Z"}}, {"model": "shopapp.review", "pk": 82, "fields": {"product": 82, "author": "review82", "email": "review82@mail.ru", "text": "text82", "rate": 3, "date": "2024-07-30T09:58:59.875Z"}}, {"model": "shopapp.review", "pk": 83, "fields": {"product": 83, "author": "review83", "email": "review83@mail.ru", "text": "text83", "rate": 4, "date": "2024-07-30T09:58:59.875Z"}}, {"model": "shopapp.review", "pk": 84, "fields": {"product": 84, "author": "review84", "email": "review84@mail.ru", "text": "text84", "rate": 1, "date": "2024-07-30T09:58:59.875Z"}}, {"model": "shopapp.review", "pk": 85, "fields": {"product": 85, "author": "review85", "email": "review85@mail.ru", "text": "text85", "rate": 3, "date": "2024-07-30T09:58:59.875Z"}}, {"model": "shopapp.review", "pk": 86, "fields": {"product": 86, "author": "review86", "email": "review86@mail.ru", "text": "text86", "rate": 4, "date": "2024-07-30T09:58:59.875Z"}}, {"model": "shopapp.review", "pk": 87, "fields": {"product": 87, "author": "review87", "email": "review87@mail.ru", "text": "text87", "rate": 1, "date": "2024-07-30T09:58:59.875Z"}}, {"model": "shopapp.review", "pk": 88, "fields": {"product": 88, "author": "review88", "email": "review88@mail.ru", "text": "text88", "rate": 3, "date": "2024-07-30T09:58:59.875Z"}}, {"model": "shopapp.review", "pk": 89, "fields": {"product": 89, "author": "review89", "email": "review89@mail.ru", "text": "text89", "rate": 3, "date": "2024-07-30T09:58:59.875Z"}}, {"model": "shopapp.review", "pk": 90, "fields": {"product": 90, "author": "review90", "email": "review90@mail.ru", "text": "text90", "rate": 3, "date": "2024-07-30T09:58:59.875Z"}}, {"model": "shopapp.review", "pk": 91, "fields": {"product": 91, "author": "review91", "email": "review91@mail.ru", "text": "text91", "rate": 3, "date": "2024-07-30T09:58:59.875Z"}}, {"model": "shopapp.review", "pk": 92, "fields": {"product": 92, "author": "review92", "email": "review92@mail.ru", "text": "text92", "rate": 5, "date": "2024-07-30T09:58:59.875Z"}}, {"model": "shopapp.review", "pk": 93, "fields": {"product": 93, "author": "review93", "email": "review93@mail.ru", "text": "text93", "rate": 4, "date": "2024-07-30T09:58:59.875Z"}}, {"model": "shopapp.review", "pk": 94, "fields": {"product": 94, "author": "review94", "email": "review94@mail.ru", "text": "text94", "rate": 3, "date": "2024-07-30T09:58:59.875Z"}}, {"model": "shopapp.review", "pk": 95, "fields": {"product": 95, "author": "review95", "email": "review95@mail.ru", "text": "text95", "rate": 2, "date": "2024-07-30T09:58:59.875Z"}}, {"model": "shopapp.review", "pk": 96, "fields": {"product": 96, "author": "review96", "email": "review96@mail.ru", "text": "text96", "rate": 4, "date": "2024-07-30T09:58:59.875Z"}}, {"model": "shopapp.review", "pk": 97, "fields": {"product": 97, "author": "review97", "email": "review97@mail.ru", "text": "text97", "rate": 5, "date": "2024-07-30T09:58:59.875Z"}}, {"model": "shopapp.review", "pk": 98, "fields": {"product": 98, "author": "review98", "email": "review98@mail.ru", "text": "text98", "rate": 1, "date": "2024-07-30T09:58:59.875Z"}}, {"model": "shopapp.review", "pk": 99, "fields": {"product": 99, "author": "review99", "email": "review99@mail.ru", "text": "text99", "rate": 5, "date": "2024-07-30T09:58:59.875Z"}}]